{
  "model_type": "LSTM-DRL",
  "hyperparameters": {
    "w1": 9.824548485318052,
    "w2": 7.586762826070333,
    "w3": 5.953430002624877,
    "episode_length": 200,
    "learning_rate": 0.0003042953166538178,
    "buffer_size": 3000,
    "batch_size": 256,
    "tau": 0.002222801950586232,
    "gamma": 0.998854450393546
  },
  "test_results": {
    "mean_reward": 135.71494377993687,
    "mean_power": 0.7269360016899011,
    "mean_omega": 26.464009869266146
  },
  "gaps": {
    "train_val_pct": -553.8581715093638,
    "val_test_pct": 13.787329759162262
  }
}