{
  "model_type": "LSTM-DRL-CL",
  "hyperparameters": {
    "w1": 8.03383487636944,
    "w2": 6.331705289955226,
    "w3": 5.139388480023125,
    "episode_length": 200,
    "learning_rate": 0.0012525991834766573,
    "buffer_size": 5000,
    "batch_size": 64,
    "tau": 0.01089596183153627,
    "gamma": 0.9095854878277455
  },
  "test_results": {
    "mean_reward": 596.1739307438347,
    "mean_power": 1464.7623734524384,
    "mean_omega": 1.5637934959848367
  },
  "gaps": {
    "train_val_pct": -255.7759473397725,
    "val_test_pct": -172.44698876844166
  }
}